room,guestname,phonenumber,country,checkin,checkout
ROOM1,Walid O'Brien,(943) 811-2528,US,"January 20, 2021","February 1, 2021"
ROOM2,Jayce Whitfield,(495) 676-7971,US,"March 15, 2021","April 17, 2021"
ROOM3,Layton Bowler,(633) 393-7647,US,"February 14, 2021","February 20, 2021"
ROOM4,Neriah Bryant,(811) 777-0212,US,"April 29, 2021","May 23, 2021"
ROOM5,Sarah-Louise Warren,(958) 492-2711,US,"May 25, 2021","May 31, 2021"
ROOM1,Walid O'Brien,(943) 811-2528,US,"June 2, 2021","June 22, 2021"
ROOM2,Jayce Whitfield,(495) 676-7971,US,"July 3, 2021","August 9, 2021"
ROOM3,Layton Bowler,(633) 393-7647,US,"September 27, 2021","October 12, 2021"
ROOM4,Neriah Bryant,(811) 777-0212,US,"September 8, 2021","September 13, 2021"
ROOM5,Sarah-Louise Warren,(958) 492-2711,US,"October 25, 2021","November 5, 2021"
ROOM1,Walid O'Brien,(943) 811-2528,US,"December 6, 2021","December 13, 2021"
ROOM2,Jayce Whitfield,(495) 676-7971,US,"December 20, 2021","December 25, 2021"
ROOM3,Layton Bowler,(633) 393-7647,US,"December 24, 2021","December 31, 2021"
ROOM4,Neriah Bryant,(811) 777-0212,US,"December 12, 2021","December 19, 2021"
ROOM5,Sarah-Louise Warren,(958) 492-2711,US,"December 1, 2021","December 5, 2021"
ROOM1,Walid O'Brien,(943) 811-2528,US,"November 16, 2021","November 29, 2021"
ROOM2,Jayce Whitfield,(495) 676-7971,US,"September 27, 2021","October 17, 2021"
ROOM3,Layton Bowler,(633) 393-7647,US,"September 9, 2021","August 28, 2021"
ROOM4,Neriah Bryant,(811) 777-0212,US,"June 1, 2021","July 6, 2021"
ROOM5,Sarah-Louise Warren,(958) 492-2711,US,"May 26, 2021","May 31, 2021"
ROOM1,Walid O'Brien,(943) 811-2528,US,"March 22, 2021","May 14, 2021"
ROOM2,Jayce Whitfield,(495) 676-7971,US,"August 12, 2021","July 26, 2021"
ROOM3,Layton Bowler,(633) 393-7647,US,"February 26, 2021","February 28, 2021"
ROOM4,Neriah Bryant,(811) 777-0212,US,"February 9, 2021","February 21, 2021"
